id,value
0,838.4224276809429
1,1117.6707609253847
2,212.8508912690333
3,649.5925891175049
4,822.9326293241057
5,1097.7737465518787
6,225.20446835609908
7,625.4106795156023
8,800.3829488532384
9,1068.3034510918135
10,225.18058690025936
11,610.1663034158465
12,641.0831673779131
13,397.5281684860367
14,144.25919152593968
15,484.00409465870615
16,46.360503872220704
17,45.92889274505882
18,30.693978935251778
19,288.28021366075205
20,42.52899480771845
21,156.1109706484927
22,502.59737274628657
23,225.59653552401102
24,389.30218205966463
25,91.8472372873203
26,402.4890886342005
27,283.1450916737927
28,176.0375470169243
29,459.88274316376237
30,157.16573917702777
31,907.0543426215955
32,212.25571735144337
33,2.8744452370056592
34,25.353121048107425
35,87.38938876996968
36,364.1270591395324
37,44.43023797662596
38,172.98770775978397
39,362.6728033785101
40,496.3628893069654
41,167.4431979674228
42,87.25062902076849
43,444.52781790040723
44,114.33433781745958
45,216.30529146296482
46,209.30815811630924
47,459.5374107172416
48,283.1944205311407
49,215.19126071469742
50,71.52641563984622
51,393.3159624977821
52,58.904175722928414
53,262.91208443471675
54,410.8624324192356
55,332.31125029386027
56,759.4289957308866
57,119.56018608970959
58,-19.379471201663307
59,22.306922533671752
60,69.43828255233808
61,31.972649044149023
62,269.542708200449
63,167.80456884900474
64,1208.2786991824462
65,221.13711628519394
66,117.91455433799837
67,737.6015596342905
68,334.8830707909403
69,1113.6097167383223
70,680.2898436119455
71,380.5337127896343
72,90.18846830050478
73,254.6812570575558
74,506.3388426575076
75,129.68889288064025
76,140.6684270080205
77,317.0380824273289
78,80.09105178386204
79,44.39210980572312
80,221.569477125579
81,178.25915961800598
82,444.6497975470871
83,216.0825441167031
84,325.56701172857953
85,322.94467154270075
86,238.8781660103528
87,98.07919060961336
88,379.62854402206773
89,351.9872987268464
90,640.5617136657166
91,-36.243301152036054
92,18.373639653326393
93,84.54278465029626
94,82.97478567727654
95,250.19461425426113
96,177.2152132717993
97,1201.1865364105972
98,212.37418517829082
99,79.85066257084162
100,691.5405932366549
101,291.23130228913595
102,1160.5960770336633
103,366.8215943297252
104,681.8269667732117
105,84.84785868869238
106,290.9020612478917
107,553.1256374248006
108,112.9769271402875
109,157.25829026607067
110,298.4603107554413
111,134.05688834580184
112,534.4551983773594
113,-6.152847261272882
114,504.02970471604516
115,6.630801277363162
116,432.3220397041182
117,17.670937452069438
118,-1.1910656326352864
119,52.56985922738852
120,290.30647284616873
121,63.58562371396431
122,-10.355166855042512
123,389.11033808824857
124,290.42055801165395
125,581.9678040866419
126,471.465641209761
127,9.382650944300508
128,13.009221609600331
129,304.958702014202
130,149.85357106199388
131,114.98682111366668
132,-18.258887839749946
133,54.74008592089115
134,243.01659271351684
135,55.66929965076008
136,-9.337771980681168
137,355.70282722404943
138,589.6425500847544
139,281.14568081047025
140,431.6789255022521
141,9.305087093742145
142,27.76242394946746
143,263.0925035653885
144,112.965193689702
145,70.98081726039834
146,-11.983070168337576
147,33.72401791597542
148,221.67997895905876
149,-56.56048174290015
150,-17.119248705079258
151,276.2537168281632
152,571.9895809053995
153,180.84792930960236
154,-3.243488358757645
155,166.73969155401562
156,193.02250229570143
157,21.6157456491959
158,53.04728635345543
159,-12.59021586068559
160,1232.2272492825791
161,526.7090796515253
162,1201.8569933277572
163,164.1913146111928
164,226.2347722095978
165,71.04469191971788
166,200.87017280899767
167,-8.54782861957625
168,179.229066078853
169,134.81592876310236
170,17.659438194714255
171,1144.9646115301798
172,282.3755982040015
173,1056.529075210648
174,81.7256863967213
175,202.5737293687102
176,85.50171579963848
177,171.66644728950945
178,2.2641205346748734
179,130.2958033137947
180,144.98847398086394
181,1082.5810029591298
182,132.10311383553147
183,925.5132666663843
184,-208.25953738506547
185,288.2807295360812
186,177.47199407608917
187,218.82949051659983
188,37.687544994806956
189,203.111586672192
190,182.79229126194144
191,56.7740993866791
192,253.15648220911794
193,236.56746431951274
194,10.979962076482707
195,238.87049876944548
196,213.49635439207577
197,216.55048544543632
198,219.5256814320216
199,44.456766989945436
200,162.1972442693061
201,156.02514368641346
202,179.00677381434502
203,119.02417008843213
204,272.5610214091098
205,206.07784776834637
206,80.61911747008003
207,43.73196503335225
208,207.05089933273575
209,221.32033656967724
210,182.31657296065413
211,164.73519583808798
212,124.77682907949315
213,213.1071834188267
214,198.91085310406515
215,56.852338579614525
216,138.8509837634458
217,183.52692031080096
218,236.3921601216516
219,156.1003046353132
220,132.22172268695545
221,297.37457098755544
222,154.67517161464707
223,191.06150019121878
224,69.14746839650934
225,69.09583039669576
226,388.45322609530587
227,74.19640125789135
228,-40.683293956839975
229,99.00160934237317
230,180.7421170438987
231,69.89377882630049
232,311.41350487298075
233,602.3784248607568
234,910.1261803102321
235,73.7960944947846
236,532.2343303340209
237,455.0603877537093
238,292.9646307121526
239,106.74700412194363
240,150.3958325326813
241,45.982886810406455
242,570.0415878588283
243,184.23061766176846
244,511.46698071443916
245,16.810067720781205
246,117.32375807485636
247,13.792356332182806
248,416.46571180814124
249,329.5016352403226
250,125.5250503019733
251,679.7660382204062
252,211.42821722871525
253,342.47371566260557
254,43.882439871842905
255,171.09020675053029
256,506.82394374602757
257,83.26670822786366
258,571.1439645030761
259,146.8827324187207
260,1145.9232659152506
261,546.9125280779518
262,179.59401992477456
263,552.490015917403
264,1078.4281146606481
265,175.7122628387251
266,170.60776137581797
267,507.5254798572578
268,366.4916813396925
269,189.35386123757905
270,-18.719067687964184
271,20.33653923030704
272,337.7724147775592
273,176.51639877895047
274,595.107345997692
275,707.4800086831316
276,228.86369499921477
277,-5.196655172534406
278,449.4664453391475
279,560.2673953129294
280,362.0327091985579
281,52.078631485207666
282,-58.98059201575819
283,75.2684264307332
284,-8.184354726946992
285,527.9203815444089
286,191.210773842974
287,471.13832299655854
288,22.713955314026805
289,54.5581011331696
290,25.487588098360845
291,346.1885651177617
292,170.76880611191604
293,114.29043403971713
294,777.7361625201606
295,218.97583351747966
296,312.0388579695122
297,42.568933916453204
298,12.338062709830353
299,74.38870237684381
300,242.18809974839553
301,95.3090748377723
302,542.3916145043905
303,143.71009223928945
304,978.0875023357831
305,514.5480860848877
306,177.50909822025665
307,552.5210173714767
308,923.6249149317845
309,158.26037248123157
310,140.68818595854918
311,481.65170844763725
312,730.6643675277784
313,105.04906374758843
314,425.9233976512344
315,333.8572479486695
316,387.99274025399814
317,331.04990846537135
318,627.0508691223041
319,68.64315843032705
320,273.0406060490426
321,-37.16799755942577
322,21.426827274115
323,585.2915135445234
324,431.40576959253724
325,212.85495978040183
326,8.999932534818186
327,490.46227749376214
328,597.6987878919487
329,110.62836535409372
330,-12.440551504105713
331,33.14233504946452
332,498.3226414331401
333,220.02953364762737
334,331.1654381440539
335,-6.332112150116757
336,55.14913326628715
337,36.51913994657747
338,324.66173770954987
339,204.17582404071885
340,69.5210522506049
341,736.702545943031
342,234.09390467686757
343,296.19247704563753
344,14.072715747301515
345,24.082396135512624
346,165.396635287099
347,374.6909489122578
348,540.6125200419184
349,156.36485096573983
350,908.5370284323145
351,498.2621460110788
352,141.47544183263767
353,538.8818869341666
354,905.0184284066598
355,170.3240373962426
356,137.982673950356
357,511.08983443532
358,873.2697141053033
359,203.3827903986405
360,479.1544520349637
361,552.9412520554862
362,373.68647545132285
363,873.2697141053033
364,192.62414075467382
365,497.6347922470816
366,545.4876041327617
367,373.68647545132285
368,715.5035988622886
369,129.6661572151786
370,430.977901180014
371,329.58432097639275
372,359.27343510349624
373,311.9975098444704
374,555.8622287151157
375,85.57313494611913
376,264.08585423338644
377,133.1864932708542
378,114.86351246866087
379,58.60605962985227
380,130.32323267496957
381,204.08841222679456
382,144.46845304818106
383,288.38926482656206
384,243.20338278311664
385,258.80177769922574
386,181.54595613261296
387,431.6448520934742
388,182.4739637661183
389,182.03197333919087
390,192.37785704749348
391,45.44244783172161
392,453.8503412892716
393,13.818301181454615
394,256.2021337988246
395,148.95860246493083
396,125.33551914601975
397,51.27947181789585
398,117.06843881160438
399,255.88437191109387
400,135.2582711882771
401,293.1641477564273
402,272.03837427172965
403,215.52754555013252
404,423.1965432615203
405,203.03047751789524
406,174.83857068284811
407,174.0539411668862
408,182.71125314007458
409,36.96902908453029
410,418.59091985702634
411,19.050452102325096
412,57.913402593880335
413,486.5281513530801
414,193.96642566889767
415,236.68855167765395
416,247.1841620227189
417,129.85651288917705
418,127.08942044560371
419,40.6943245364493
420,123.41318484174388
421,242.92491054023247
422,118.17904760689106
423,284.75080312146855
424,259.2949514656704
425,207.83462268634338
426,196.59958452399547
427,282.08226583292213
428,174.76117599047535
429,147.52842000035088
430,178.33975360499988
431,24.86581163052523
432,397.64843699268766
433,-0.7962870977642638
434,483.8212644142779
435,198.97690143664494
436,210.71657500599503
437,28.898577232943524
438,574.1204205280727
439,271.46859605527334
440,631.5661274560656
441,28.765364409714948
442,71.13893609159851
443,-6.463983620721081
444,26.366961722388226
445,-16.750619654885668
446,86.64662937802478
447,94.47758237323416
448,83.00808558563932
449,851.4539036076991
450,761.2454087368484
451,38.53306109692198
452,-15.016154486181847
453,68.9298073291414
454,65.07506160937163
455,181.28481741278455
456,212.23742076903244
457,-42.28300619255697
458,89.77993528878415
459,53.398653054037425
460,-8.731987448327061
461,49.695577954116345
462,113.8575743955949
463,43.99654417476137
464,-24.847956997780273
465,15.799525275283997
466,99.91902300784892
467,52.7914029161812
468,-17.59840849825372
469,15.916823792098569
470,552.9633959954
471,228.1894068664251
472,821.4461658769823
473,87.75502356735115
474,76.24230757638571
475,2.1025174361707855
476,38.54985103850282
477,92.48853542975831
478,92.32531183019438
479,74.03583371916085
480,803.5451602814088
481,890.5877757388904
482,17.938590762740887
483,250.097545580408
484,-17.942398403849154
485,66.10453636693848
486,81.35653675049224
487,207.75568729411833
488,217.6976828948561
489,210.88208570670668
490,-29.407267162639073
491,20.880923805910243
492,64.13678335012355
493,76.9763822699993
494,1.59880779214501
495,71.93997123494006
496,144.09127558280994
497,69.88069405176662
498,-12.84729089317392
499,29.3117041027686
500,112.2699955772801
501,72.34036129933253
502,-6.095137456466489
503,29.86065512063402
504,553.690832399784
505,216.0484174168514
506,768.4754772603
507,92.22851697278338
508,79.05999125412774
509,4.960670175758025
510,33.65070529457677
511,-10.030281581035524
512,94.487493885157
513,52.6161830886702
514,76.72690412230787
515,806.9344416292103
516,1010.8951671323836
517,18.280342463473744
518,282.73914008149836
519,79.53430982155106
520,73.21447717647214
521,205.76701661321357
522,213.6776447114268
523,341.63778828405975
524,90.83002639286406
525,65.00688712253265
526,-15.148887336288396
527,65.68664113554365
528,55.890118374765336
529,59.66666949828374
530,-27.95209706513691
531,22.665354825188444
532,102.28119117521743
533,63.97611003245862
534,-27.57198720583068
535,16.98032446572512
536,406.4648004282036
537,375.62539982675406
538,208.40761402274637
539,72.12825197490628
540,397.53841513382685
541,284.289079196553
542,329.7146793098265
543,45.88592393920288
544,394.9322888053258
545,342.40812806429057
546,195.46692988394915
547,55.36971423284075
548,404.19634445319133
549,276.736750175047
550,303.8137288000045
551,38.93262708363062
552,376.6470674085842
553,282.15870720147103
554,213.05469096928408
555,37.99425442037415
556,389.40861378873996
557,249.36635886403764
558,305.4277677652619
559,15.99720315897963
560,375.0712588047863
561,314.7652232564614
562,23.157983395882127
563,70.85210643610247
564,189.52916679351387
565,2.148316487804493
566,154.0510897027961
567,567.683661056826
568,199.9121922166941
569,99.35574779007578
570,777.6673488306127
571,400.90431893842964
572,175.79398021852597
573,401.3544020151325
574,72.00284253304329
575,384.63017166076673
576,326.4758727843036
577,6.624123914061727
578,24.2784634517447
579,77.40653520491236
580,91.01977480619638
581,260.45714701237733
582,536.3615748658175
583,271.18546193444485
584,90.12717752253224
585,794.8206468852599
586,377.4325072875849
587,201.97821945967502
588,379.86300704724584
589,93.58133017962012
590,374.1859477842772
591,303.66913576604924
592,270.2660678884476
593,1.9694535262059958
594,82.73116974367207
595,191.096289071258
596,269.45061418495237
597,28.71547783638374
598,271.88590628383093
599,427.0916125009498
600,79.57284834132582
601,688.6378928608914
602,318.29818361938436
603,160.49454974199529
604,280.845274845607
605,68.160122647901
606,227.97199949688087
607,135.85362520158623
608,30.204327592847164
609,190.01251667433274
610,122.05602620894018
611,169.98924414200354
612,535.9665192853155
613,26.64280976093204
614,190.690595869348
615,710.3417872006995
616,82.43134517350262
617,181.40886671464904
618,-37.21475394799273
619,34.00516053973769
620,30.24132498853527
621,308.84130572794965
622,139.80004676774496
623,15.412696339815682
624,32.825795887987795
625,104.71052979869268
626,479.9599011943548
627,188.13808960093792
628,67.93964247659659
629,96.07168675446059
630,36.70518814993187
631,191.6690839636039
632,159.13937446371432
633,118.63563348716224
634,92.74366095894942
635,167.45785825252295
636,431.51638238966024
637,16.280235466547936
638,198.350494199107
639,709.7737008130808
640,91.8602492392485
641,134.24917564925198
642,-79.80293050286565
643,43.35132574453672
644,11.911333143903391
645,56.58884706785665
646,65.05478482660163
647,368.24366480684984
648,137.16232245714508
649,27.051144148455876
650,30.98942612947593
651,131.7944449776041
652,513.4807621504054
653,188.66317375065609
654,40.43888095117126
655,98.68684566709175
656,47.049592330771645
657,154.90802655274905
658,105.41806957259263
659,79.76835952022037
660,31.67276112927351
661,153.4324891187518
662,348.54412777761553
663,-6.289228277487666
664,168.9531234058906
665,628.5712255898417
666,46.871670635900216
667,113.27274256484742
668,-74.46991055680411
669,14.174251542898844
670,-16.220747964497207
671,128.1082419856413
672,575.4850162129679
673,-34.59204220388284
674,27.81452617286044
675,-39.898271634394234
676,511.1948433198096
677,250.18207194692712
678,280.39340724446373
679,135.34509718676435
680,-32.61265769051539
681,-36.92761915053035
682,65.26464142858453
683,440.3734635584498
684,163.8679034874678
685,-14.991091899138894
686,112.7960908111117
687,-2.9932436836643888
688,333.55615832203097
689,343.2967656096784
690,347.7488646834658
691,34.740543798355645
692,111.50711380537126
693,445.55755120578505
694,248.44853175900442
695,-11.873217143291015
696,42.99844374783123
697,633.1556245602122
698,411.26354958747373
699,54.005993849028016
700,240.9599304552002
701,74.21446684982669
702,426.60756476010187
703,265.28698708546193
704,396.4469650821529
705,50.50792813425409
706,5.642675429865392
707,194.433402877888
708,341.6240355985041
709,18.338288144720934
710,111.11675808851345
711,104.38563838226713
712,430.5271177561237
713,250.5272907051496
714,-6.879116941241421
715,37.876185185513066
716,625.0373335623452
717,397.68292065697
718,77.76342218207077
719,207.34483552947216
720,72.92072821023697
721,257.5037562563511
722,388.23625850367256
723,54.983245430826116
724,423.35990820853016
725,-4.132241331514763
726,358.89942604833544
727,341.2694257655507
728,49.38161161783813
729,118.79348743429495
730,98.24113514480217
731,457.5792435060877
732,245.5104399281501
733,2.1929478557451034
734,547.2013109797707
735,367.2090066587761
736,62.04978545696298
737,121.68791901261005
738,85.69408846069649
739,259.7094710079645
740,399.74303786259856
741,439.79518211983935
742,63.727059462012164
743,-4.116691472762852
744,179.0018254908304
745,5.025677872694075
746,84.86784520597456
747,82.54143775751771
748,276.55797841575867
749,304.6395877588872
750,58.427477409502615
751,503.32262529805655
752,257.11154722363716
753,460.77320538671046
754,68.45528391171973
755,1.3503882962187959
756,337.85591084673405
757,254.93827737702003
758,201.10510006790054
759,462.96335350839416
760,252.47019607891997
761,290.78175320455483
762,149.5000290917439
763,550.8431022204092
764,7.317619511428973
765,340.74184142468283
766,54.79164190748082
767,5.125772670455206
768,-20.330595056588265
769,521.9876295505734
770,1072.9697264792471
771,577.1702158714539
772,208.7376538920359
773,126.54917837391866
774,0.5578028425113075
775,1.2148737874337598
776,262.7695633768778
777,274.6663508326962
778,-48.86838335276872
779,505.82433770872365
780,380.591633275638
781,96.08347072414034
782,-16.63578235244023
783,104.44466890253597
784,-25.94579648669179
785,92.77850905129225
786,286.5456280727323
787,205.3474896314503
788,106.86851843392395
789,167.81488328964468
790,327.65789856576856
791,44.581089653220886
792,56.21154992376063
793,12.335992103578917
794,-26.81998125801698
795,31.917832326753512
796,561.5155248838961
797,887.3204723118821
798,512.2192793844076
799,195.81823510595558
800,-40.266079725702696
801,-43.56952733174472
802,34.26465961479306
803,-12.157598214991879
804,58.96654193226158
805,52.368688632984856
806,223.38188693537785
807,-47.799946968389406
808,439.0393342124914
809,202.86215807668412
810,59.12604523985391
811,-97.57827935056349
812,-81.36845636127993
813,184.36711450914225
814,48.87404710244772
815,142.38910798931846
816,68.43969336533763
817,116.98414389311773
818,-55.395649859113576
819,22.616860937099716
820,0.9215701972479451
821,-23.57303961434451
822,564.4316719038721
823,756.4535100807976
824,551.9937994712014
825,203.17491131310516
826,29.589663240265793
827,255.13200780899416
828,449.6537086246629
829,21.703454092045206
830,249.47384532353527
831,426.49424324575585
832,27.982892962305698
833,279.32828174009256
834,431.33901767186245
835,25.899705408390503
836,98.57930227819742
837,363.86644230016753
838,183.14812142497175
839,115.20244822483
840,72.76650927386635
841,160.1898653070886
842,24.696165746182658
843,17.745663529584988
844,0.43226577591320847
845,11.798632371423707
846,81.49110066395923
847,32.01578013267334
848,36.09279263290881
849,56.36776447855999
850,484.650167776703
851,206.76056263381832
852,238.13050016714914
853,0.8744902269301633
854,188.42413185657932
855,109.07936570012151
856,731.9837027444256
857,215.44970845081406
858,381.6792193708017
859,130.24671240124297
860,161.21265186551972
861,114.91634007311058
862,127.04253633083789
863,32.63292823934461
864,41.25565957750149
865,35.79092024624987
866,-0.6235811032000242
867,-28.66561135132116
868,54.53793297929195
869,8.29779204224377
870,-10.000707516585692
871,46.309926012017684
872,463.08156432394225
873,268.34672235570105
874,179.68948136335456
875,74.46868515521709
876,-0.8878720502632973
877,89.28341669608488
878,36.4443333102119
879,418.1674292219595
880,108.32853941589855
881,328.64644355009017
882,94.20780602234862
883,-32.07017308209271
884,13.0916416857537
885,33.55052519938107
886,-20.648419311886585
887,-33.276557146168955
888,-1.4077212440441258
889,-6.805869492259092
890,30.64243128177958
891,720.1241734192319
892,377.74857674748927
893,111.41672238664813
894,4.511002133408681
895,-22.19435085319293
896,61.060849645221595
897,880.29914945998
898,357.3104522336127
899,172.16663754010295
900,115.78297272849676
901,469.07677688071425
902,171.1794013942387
903,39.190405664717844
904,177.0425768164842
905,105.68284066967232
906,465.8689655597728
907,63.992291538658776
908,24.14004511488116
909,36.84429166395893
910,107.39951527566262
911,73.84795176163169
912,180.8968489244591
913,195.1039905850941
914,56.76274375729207
915,28.335514170081353
916,53.398575040401454
917,-2.927200941770309
918,-4.640397517002782
919,61.681848635683934
920,173.26399235434172
921,214.55157735996698
922,43.60484341995158
923,40.53346606855155
924,1.5142080198805843
925,0.8499306052921156
926,8.462069755170205
927,28.897165443763015
928,-15.283842278388647
929,97.51814109726746
930,79.18061816797689
931,76.62704334442714
932,24.7273325193774
933,36.55427006866756
934,34.43995583499526
935,101.53502470958591
936,64.05454799644502
937,181.9374180533934
938,191.9523625967724
939,32.26820492438134
940,51.01342977625262
941,46.040253982885304
942,-4.913730713940197
943,-5.510090194401926
944,102.98940134737285
945,154.86911470822332
946,203.9647121276409
947,20.084026182743912
948,39.53507035864857
949,-6.4164871895387705
950,15.844855803859332
951,6.063620321086319
952,28.769418326221285
953,-22.471887036902217
954,81.316399534053
955,62.95685550582692
956,63.936580351900545
957,14.886055613412339
958,30.9369917347978
959,34.73810459044506
960,118.59872827429461
961,46.0730551863773
962,174.9468175281374
963,188.38589996377613
964,17.38741456990107
965,43.205894809372865
966,56.86477585275742
967,-1.7102583805312292
968,89.90962079291575
969,-13.36110121019857
970,131.93335221890692
971,189.0957303519005
972,24.477747407062054
973,25.951748246200054
974,-12.468490918928751
975,-9.275247191928997
976,-4.506622772680885
977,13.767553537691356
978,-19.880637720320692
979,54.1524962555315
980,52.170361561378
981,54.401635337655705
982,7.9772216371885065
983,12.40296346512713
984,76.84209161363168
985,149.41332995922193
986,9.239390390539882
987,241.54458876826874
988,67.6870563638592
989,150.70069184510857
990,-5.875506289106454
991,257.31792521342476
992,250.36946108845262
993,168.86571173977853
994,125.84856855306742
995,140.08331635618782
996,-0.4665660618634888
997,122.34299524842089
998,173.13498346238038
999,82.15351785232514
1000,35.336456668793005
1001,-4.041319247044669
1002,98.13175641280822
1003,77.31982044090608
1004,158.26392256860044
1005,-3.4273681462869376
1006,254.24575358931514
1007,68.8347953396812
1008,151.0789621977171
1009,-8.476827863406982
1010,257.53009320277096
1011,259.0255137970493
1012,179.14176289122832
1013,129.21526899902773
1014,119.98915691082465
1015,124.36101457710578
1016,13.870856153487182
1017,170.0161232114594
1018,38.60021926273174
1019,-12.212122163764946
1020,105.26932100810217
1021,82.20838152911773
1022,71.11998458224178
1023,166.65941386350522
1024,-10.531496683062471
1025,247.69147487041818
1026,62.48359403136482
1027,154.98330999801027
1028,-15.390476056185037
1029,240.79898990299597
1030,176.3785190647656
1031,119.53660557364168
1032,126.20751926076872
1033,4.593190391103633
1034,129.9540112018537
1035,132.08016377056327
1036,108.84227868667625
1037,-16.876518761688715
1038,104.93682237560705
1039,80.25912775997739
1040,112.5075028033504
1041,684.8963289062073
1042,240.28827151851846
1043,295.57490562615357
1044,118.07171900562906
1045,161.2727286652418
1046,507.37740990623405
1047,199.5998393794718
1048,41.15546640425163
1049,96.07955615147551
1050,301.35076612433994
1051,206.9002606055089
1052,76.74215482379458
1053,174.97930195953262
1054,279.1482396784042
1055,190.67012733958398
1056,362.7545650105623
1057,-19.02978888937747
1058,680.9680685162153
1059,262.8074682522162
1060,225.13670364108606
1061,75.91331627529661
1062,550.589052313144
1063,202.1406070169807
1064,181.7997474664
1065,363.3414128865749
1066,125.75505226104059
1067,217.76935592128729
1068,56.025988758701885
1069,187.2409389104743
1070,266.4385909841032
1071,165.2568986004
1072,387.2246267969187
1073,-17.96203454308221
1074,678.4481022772076
1075,244.11922092733556
1076,230.9715210442934
1077,49.659532124829354
1078,522.7938231495995
1079,160.31924051989807
1080,131.42916256800453
1081,95.47306344971065
1082,362.9711987508978
1083,217.8129899504217
1084,49.189252484575434
1085,189.09336580751022
1086,239.74371161500602
1087,111.27960230052776
1088,411.3637943934902
1089,-38.58670783743679
1090,446.39494184095446
1091,257.205736959431
1092,15.6950227467334
1093,115.38495937077136
1094,21.01531766426109
1095,353.3255863352917
1096,61.12857075037908
1097,184.57504644269937
1098,42.67237649221005
1099,371.30751275421693
1100,212.6518610158957
1101,311.7448538131086
1102,134.58195370664083
1103,156.08403686371292
1104,149.50121122437412
1105,194.91991131603385
1106,-7.725839921443196
1107,400.49544767718015
1108,302.35369779246247
1109,103.48489194240864
1110,501.8194995589685
1111,92.97553824163532
1112,45.48741561283458
1113,27.28912779703677
1114,398.39359358687506
1115,289.78350726834213
1116,462.9834082595418
1117,207.6629422016269
1118,369.15096255332827
1119,231.173503799436
1120,331.9454071254242
1121,101.251877776448
1122,169.0043684138929
1123,157.59443934484733
1124,209.82709951713872
1125,4.717835196549629
1126,429.8008688410902
1127,327.1556234028205
1128,393.7882485238908
1129,63.82133491861276
1130,123.40294270489738
1131,42.781343305584585
1132,379.38910939849956
1133,300.52669906126283
1134,423.822138015
1135,214.5491772916577
1136,323.7462042981271
1137,214.71622901463633
1138,313.1473553506168
1139,81.44262007136325
1140,153.0289186888387
1141,154.60365506205125
1142,196.11405183389996
1143,-36.22067778002639
1144,407.90220325669924
1145,303.34978117004647
1146,46.26812258563331
1147,426.54171543323463
1148,113.31975309891203
1149,124.22023047293095
1150,33.37697432048952
1151,96.66027409769157
1152,292.9143008163912
1153,291.4374818864646
1154,380.3624347692177
1155,195.70336306685948
1156,315.9035013328241
1157,397.0141252036721
1158,242.20932675956936
1159,72.99097488642764
1160,272.85170996796586
1161,414.7533613422549
1162,357.8179938100422
1163,209.41381491849023
1164,30.54802173542913
1165,60.19609729467862
1166,103.34293319913769
1167,86.55235263968876
1168,149.07322547228756
1169,80.56053475829168
1170,120.91967740369233
1171,98.48693013180906
1172,44.868160410716484
1173,106.00910083268042
1174,152.25107386787346
1175,60.14384528362035
1176,81.53732618198643
1177,110.98335927206546
1178,36.577631161247666
1179,140.89102901114433
1180,170.75240392300628
1181,284.44474106541696
1182,122.77637897836661
1183,201.21438189475788
1184,81.91739214934358
1185,10.870633781631057
1186,137.79350375935513
1187,92.18899135480541
1188,157.91787033922714
1189,227.64040806563088
1190,130.24452027954038
1191,149.34704572565
1192,277.5654697724921
1193,374.134667274483
1194,232.92817941271454
1195,67.48579466204404
1196,99.21139996910125
1197,102.10429877438088
1198,139.40817784500751
1199,93.95509124701726
1200,181.24526562220632
1201,89.68691654451919
1202,146.27676978014148
1203,43.735897721019285
1204,43.75734320404223
1205,150.6451652985366
1206,134.20498015957634
1207,69.21968867703009
1208,97.7865929993373
1209,112.28055296535359
1210,54.61055434546648
1211,181.4620706820087
1212,145.00684396852893
1213,205.05010166209416
1214,223.73244483915363
1215,165.56364441689487
1216,238.59123984406227
1217,21.31516287792482
1218,14.951775610626953
1219,119.84822273169897
1220,92.554880446396
1221,164.3482470820772
1222,73.58730909351078
1223,141.1728577371124
1224,181.97854712909424
1225,77.70731046652958
1226,195.50448426002782
1227,104.63732682774327
1228,169.04052661291877
1229,100.04991032492813
1230,82.34464143007818
1231,173.27558013298182
1232,138.40682054352834
1233,211.8846832043642
1234,97.41762313000555
1235,69.3789062350209
1236,93.58196816779179
1237,125.3025935299832
1238,79.11825977397035
1239,160.83652192533697
1240,72.42201034975966
1241,25.088407334633814
1242,130.25594616314135
1243,32.648302559789556
1244,142.9392810197847
1245,126.24439074837352
1246,52.45445535940718
1247,89.26426239274821
1248,97.07035094080248
1249,40.38249739362578
1250,207.62887743114874
1251,153.69682051365356
1252,158.14395876283533
1253,182.32185852311835
1254,58.99836818702323
1255,199.9072225610816
1256,10.919561671050985
1257,8.723405247646895
1258,21.397809314401172
1259,159.09353752368548
1260,121.8099652086986
1261,158.03094855868943
1262,243.90510923875166
1263,165.432447990987
1264,69.90539412323898
1265,181.0425100729213
1266,87.22857172202617
1267,86.7307024006937
1268,74.47934713542651
1269,76.95747975233854
1270,191.65288231194205
1271,124.43184107771555
1272,207.25099921794805
1273,98.71440795540303
1274,757.503621350289
1275,730.4937484771353
1276,13.55626685545036
1277,178.3898690775905
1278,144.38958435772116
1279,199.32056466228556
1280,10.9334280121912
1281,-27.3595806318653
1282,73.97963655207519
1283,200.34785011003902
1284,80.55086888445118
1285,-7.878016799861086
1286,768.5202577292939
1287,657.8990701892317
1288,233.006184124477
1289,172.49218615740307
1290,197.1579250685773
1291,188.78186201188242
1292,100.97720190315891
1293,-23.528784175376984
1294,68.00167257140589
1295,209.929971824814
1296,150.310734798748
1297,-4.910470344357179
1298,764.2835162966576
1299,662.7940745937585
1300,239.1128687026449
1301,166.57597555122544
1302,205.74236301661318
1303,222.0050670633155
1304,69.03895265776379
1305,-20.22061663153994
1306,69.78593567126978
1307,214.60127360658868
1308,153.25356320686302
1309,-3.738351223209918
1310,-4.504441588388943
1311,-17.280400368786843
1312,25.02034629611188
1313,152.89917917067913
1314,50.213387603810304
1315,205.0875974687039
1316,130.7102710650749
1317,72.25267178210532
1318,22.068311315692597
1319,22.091067450275375
1320,14.376131698608958
1321,138.91542055193275
1322,138.52994279100966
1323,-14.839812431387884
1324,-11.110547750693001
1325,-24.906783458945768
1326,79.7008906142666
1327,82.05161568957664
1328,131.29644942477324
1329,137.04083854182198
1330,8.915705557356603
1331,76.15760820561508
1332,139.2655937880442
1333,192.55216818711386
1334,128.90943934024352
1335,91.82360178361586
1336,62.03563654225735
1337,43.46911039646119
1338,-19.97731965398947
1339,-38.91661133441977
1340,73.90027183832098
1341,80.74879916418394
1342,87.57642730128981
1343,7.461923865577489
1344,48.88340919800038
1345,188.4982076471021
1346,90.11074351113228
1347,279.7605606268646
1348,127.79747436557568
1349,186.34454085300717
1350,195.54741310082613
1351,85.71872146404252
1352,30.123709283859114
1353,168.53327693982487
1354,98.0995071124778
1355,175.81348944113165
1356,200.28103595380094
1357,86.7692534028892
1358,30.01625323042657
1359,209.72035760886706
1360,91.53670132103412
1361,153.57185073460028
1362,204.09023941292185
1363,99.73367364593918
1364,33.35627441972878
1365,214.85769024758514
1366,136.5766807507727
1367,243.15075717931103
1368,290.4504623250679
1369,207.21854547901893
1370,533.45063008673
1371,393.26544591208966
1372,638.3406482930633
1373,453.4266519229224
1374,242.7302277655064
1375,42.024418616080936
1376,207.87461618164633
1377,380.37862559839704
1378,315.3960296569841
1379,430.9743316263586
1380,111.68574435027512
1381,67.33396027244197
1382,25.96669243867774
1383,8.675945494173504
1384,46.70106830055494
1385,36.380195530576486
1386,56.34569553817465
1387,150.14375179680172
1388,-2.9030392129023426
1389,135.4444521561374
1390,95.80145371028055
1391,143.45044917995773
1392,239.69538452338946
1393,403.9879160974944
1394,150.93588235937494
1395,243.34599209293077
1396,189.39692109648598
1397,170.30960717958436
1398,473.0035794441684
1399,-39.61092314989099
1400,239.01615588043222
1401,407.7826026305267
1402,272.75710458233806
1403,351.7240223257042
1404,237.74618737381564
1405,278.40470459458373
1406,318.55944382090746
1407,79.54450930475394
1408,617.6312934422832
1409,326.7691983152783
1410,534.7298752625587
1411,322.69472693383995
1412,146.07620133044583
1413,32.93590279644849
1414,332.09223300670345
1415,281.85580380125447
1416,198.3631456927862
1417,-23.285486847863297
1418,78.39857290022809
1419,27.637646978351142
1420,13.414937737480216
1421,66.69588476019754
1422,78.33232163128315
1423,8.867968161129568
1424,168.0587410738819
1425,3.9541597092649567
1426,148.7137783911923
1427,103.48792761684462
1428,150.48024019316443
1429,160.7087626379709
1430,385.80862627377627
1431,118.78652873277491
1432,115.507798757535
1433,287.13236377157244
1434,-29.46638715590842
1435,181.622602457686
1436,251.75985103696456
1437,413.2717582910556
1438,234.91111867887156
1439,341.11238637596506
1440,197.46940036693735
1441,215.34834613602578
1442,31.160742607689087
1443,290.2162842158279
1444,256.20779013584814
1445,376.25188552848084
1446,493.7047432747142
1447,286.28052492892147
1448,38.83425939807347
1449,273.6856047004323
1450,268.74783576097815
1451,38.19581393131301
1452,68.45997574999382
1453,16.880304199069826
1454,5.590757574299062
1455,19.333963484031585
1456,35.86078232072515
1457,-1.7806306530771394
1458,162.28586898435714
1459,64.4763546126598
1460,-3.0980382866508194
1461,35.2655258708848
1462,85.56061822482451
1463,125.30577467741176
1464,248.2816883225443
1465,143.38977426004402
1466,134.54375063351648
1467,73.69785633651367
1468,-10.407265869189416
1469,-38.29120662419035
1470,223.60542870364606
1471,395.83800030272704
1472,326.91422982652983
1473,126.69943418811016
1474,15.800408135508007
1475,170.62856335437715
1476,75.04013442793217
1477,210.92210374246093
1478,228.41389973283782
1479,160.166256713314
1480,305.56744071795544
1481,73.53661707789576
1482,249.03562406610268
1483,358.05391370341073
1484,128.9760196490766
1485,195.29657569767147
1486,129.06634880399957
1487,287.8964732303662
1488,223.45888061573766
1489,30.379134404210674
1490,116.00977207913508
1491,227.33364309930909
1492,164.89263509868175
1493,134.40905029057518
1494,-0.7390811746321901
1495,102.91358334134526
1496,129.56289400300153
1497,308.99602063134495
1498,86.17553297104001
1499,226.48106281122597
1500,195.04686262508181
1501,134.39634582450668
1502,68.36557782682718
1503,154.76377097387518
1504,30.94387460764716
1505,68.27514700022817
1506,380.9433707607755
1507,231.40524357510873
1508,112.12700332019409
1509,502.32967102827075
1510,104.67078071283828
1511,549.1885480402539
1512,107.53703474349419
1513,137.30645002703528
1514,370.0429506115002
1515,57.63028928718137
1516,58.025407880524256
1517,52.28463473801418
1518,177.5168389387141
1519,319.3551661635407
1520,210.580062809077
1521,72.162384213179
1522,199.08991595235108
1523,302.9929231384054
1524,193.16782755271703
1525,129.90894530367
1526,133.81999309059626
1527,307.4655462177266
1528,178.19947433695467
1529,226.50186118192192
1530,196.59516829507044
1531,263.33956141952655
1532,5.128317846681568
1533,114.57140421750915
1534,121.23685048153999
1535,109.21405122670382
1536,221.46293685487177
1537,179.56452460708675
1538,134.8128491648036
1539,142.81885475665473
1540,57.080411188214896
1541,-0.8895841076495685
1542,170.8172665428679
1543,71.78880035896378
1544,365.8717957544182
1545,234.99341633537693
1546,108.23182174250138
1547,460.8500561081424
1548,89.71509092706543
1549,484.715759479715
1550,111.42306403175786
1551,138.37739891959933
1552,404.2927025889772
1553,39.48146181876251
1554,243.9504128370432
1555,326.13078803740206
1556,117.28999998356954
1557,63.07199746524162
1558,276.57069266916056
1559,354.1513471855374
1560,128.19274143834406
1561,41.292529496780446
1562,13.873385046648366
1563,63.23144517653742
1564,324.658545345626
1565,58.3981097455449
1566,184.2072828670685
1567,287.6488284176417
1568,171.8656237567207
1569,84.88158469538536
1570,135.56345953822034
1571,177.09071312139127
1572,22.551890441384387
1573,50.97434637353996
1574,189.37459504191935
1575,350.71064008875015
1576,259.2622096339051
1577,-6.508412568519304
1578,114.07348263976161
1579,77.07932947269416
1580,196.71834904988788
1581,129.27808600029817
1582,133.62544602111444
1583,54.40424614747968
1584,9.549700953286958
1585,159.63180768385388
1586,66.40730986497744
1587,364.27240041221063
1588,83.85038573477829
1589,225.6697377332253
1590,423.43860774608453
1591,138.25282039266455
1592,431.4839732603628
1593,81.44171705599325
1594,94.54340179886054
1595,160.87198799681988
1596,31.235955424311726
1597,246.48112868288132
1598,322.91505371120144
1599,118.97994029000762
1600,57.53915034619746
1601,351.4867430493628
1602,129.20097956168826
1603,279.6525387050247
1604,345.81308989233054
1605,460.3240420298467
1606,218.64541545457683
1607,91.30576493758014
1608,149.8078070518764
1609,354.60155423916564
1610,268.0840059314192
1611,485.944318928076
1612,68.46754833849951
1613,159.2373450738574
1614,106.54715903827326
1615,243.67502338266348
1616,90.6412973792996
1617,270.19531749881133
1618,190.9207423218524
1619,15.842283500069755
1620,260.1998211805623
1621,269.9674467604929
1622,104.74512976616569
1623,133.48344230127458
1624,69.38868987603126
1625,177.523058793816
1626,59.17125020569637
1627,106.39051633047183
1628,79.43876742874562
1629,42.049824560965305
1630,35.27805882243064
1631,116.93925472700374
1632,172.64815303018003
1633,88.77214289680177
1634,279.37461347278
1635,197.1243201105155
1636,16.433549938260114
1637,232.33987721524335
1638,283.54245683070184
1639,169.63170235455635
1640,244.95005571551627
1641,62.358918008008175
1642,183.0551546758099
1643,94.24168265516181
1644,73.52319102169002
1645,64.16522306940459
1646,108.34770028777274
1647,109.41178344862163
1648,261.1043520331397
1649,182.65758469288102
1650,194.80878420456446
1651,297.5983001100205
1652,221.09741960070568
1653,32.32504382593396
1654,176.91304500580299
1655,101.56855564885899
1656,49.3991821413976
1657,10.438486616667603
1658,344.9590422899991
1659,233.2033102004379
1660,27.508074685490044
1661,15.030497367233522
1662,100.14744672631542
1663,95.05038346880514
1664,66.98111418166349
1665,218.54323760414894
1666,207.19171706170067
1667,211.1956498650988
1668,212.59122209400533
1669,78.3866474552081
1670,36.22927919999239
1671,42.96971207887776
1672,220.45781765366058
1673,42.292940887306884
1674,141.6831431100881
1675,45.478317506226574
1676,267.4216409627797
1677,217.7300401394195
1678,64.37093594810989
1679,24.281750839946483
1680,73.97796540963367
1681,90.6293211071233
1682,60.34393281521892
1683,226.36678913381814
1684,187.8540165926815
1685,209.18780167844756
1686,228.19888421996524
1687,50.57253624915478
1688,24.708474420271898
1689,102.93371505037152
1690,213.64795920776754
1691,34.32648820247135
1692,136.93514557818793
1693,42.11409981300761
1694,293.86020796866336
1695,212.39833284354512
1696,63.20350616993795
1697,23.80522987486694
1698,82.18356640593169
1699,96.07443711726859
1700,66.5297793386298
1701,236.47805985072677
1702,174.25074493423648
1703,212.35496422251248
1704,232.71731065299622
1705,55.217711717127656
1706,19.945014848707444
1707,97.87027230474717
1708,183.4152035456945
1709,52.31534728006676
1710,127.59838391379247
1711,38.8604269037541
1712,155.04504335660323
1713,1104.3107890336535
1714,530.7725548087069
1715,717.9922677496027
1716,23.29362395362415
1717,82.91934774482883
1718,162.3550830643631
1719,185.00090992997463
1720,424.8886343907321
1721,111.40834493561391
1722,210.77080217726376
1723,-36.53986755811292
1724,274.8766410225342
1725,712.7387704281953
1726,392.75344633093647
1727,101.35668510849229
1728,267.984347717558
1729,130.92506853566175
1730,-60.600669752626516
1731,-15.853603754098742
1732,164.294315804905
1733,1089.9680385973
1734,527.2928159185135
1735,704.5680612027893
1736,32.66839248161858
1737,101.92806241082866
1738,63.11293363545116
1739,182.39113379707447
1740,406.6143600018582
1741,96.23265596728282
1742,-32.22672637548038
1743,262.7535452669525
1744,671.4983901733301
1745,405.4537086739818
1746,83.8131031426181
1747,270.0247722015609
1748,126.78073351457152
1749,-52.66109753772088
1750,-12.396751436660281
1751,140.66551916479085
1752,955.2684569573205
1753,713.9120433689197
1754,510.4792974402985
1755,85.81528632995406
1756,223.27101372170506
1757,153.5591823145523
1758,130.7885401822095
1759,126.49930589761294
1760,91.39184710909007
1761,209.41395684635955
1762,-13.756750892953448
1763,24.42616402171717
1764,653.8272725756922
1765,397.6823865189306
1766,262.2300871566529
1767,136.18172511864196
1768,-21.935856447752315
1769,-53.26751944959159
